TRANSACTION_ID,STORE_ID,TRANSACTION_DATE,PRODUCT_ID,QUANTITY,DISCOUNT_PERCENT=150,REJECTED_REASON
100013,107,4/16/2024,P_029,2,-5,Zero QUANTITY
100024,,04-07-2024,P_005,5,10,Missing STORE_ID
100035,101,2026/13/40,P_039,5,15,Zero QUANTITY
100048,104,04-12-2024,,4,10,Missing PRODUCT_ID
100059,106,04-10-2024,,1,10,Missing PRODUCT_ID
100095,105,2026/13/40,P_014,4,10,Zero QUANTITY
100100,106,2026/13/40,P_003,3,5,Zero QUANTITY
100103,102,4/22/2024,,5,10,Missing PRODUCT_ID
100106,103,4/19/2024,P_005,0,10,Zero QUANTITY
100125,107,4/22/2024,P_033,5,150,Discount greater than 100%
100134,103,04-06-2024,P_040,2,150,Discount greater than 100%
100141,103,04-12-2024,P_037,4,150,Discount greater than 100%
100156,101,4/24/2024,,3,5,Missing PRODUCT_ID
100178,103,2026/13/40,P_049,1,15,Zero QUANTITY
100185,106,4/18/2024,,3,20,Missing PRODUCT_ID
100191,107,2026/13/40,P_007,3,15,Zero QUANTITY
100225,102,04-06-2024,,3,5,Missing PRODUCT_ID
100243,105,4/14/2024,,2,10,Missing PRODUCT_ID
100277,102,04-04-2024,,4,5,Missing PRODUCT_ID
100282,103,2026/13/40,P_005,4,0,Zero QUANTITY
100304,104,04-04-2024,P_045,4,150,Discount greater than 100%
100306,106,4/28/2024,,5,15,Missing PRODUCT_ID
100306,,4/28/2024,P_019,1,10,Mssing STORE_ID
100331,102,4/27/2024,P_049,0,0,Zero QUANTITY
100332,108,04-03-2024,,1,5,Missing PRODUCT_ID
100354,107,2026/13/40,P_027,2,15,Zero QUANTITY
100362,103,04-05-2024,P_044,1,150,Discount greater than 100%
100376,105,2026/13/40,P_001,4,10,Zero QUANTITY
100402,103,2026/13/40,P_013,2,10,Zero QUANTITY
100403,101,4/29/2024,,4,5,Missing PRODUCT_ID
100409,107,4/27/2024,P_045,0,0,Zero QUANTITY
100410,,4/13/2024,P_017,1,0,Missing STORE_ID
100415,107,2026/13/40,P_037,5,20,Zero QUANTITY
100431,103,4/29/2024,P_019,1,-10,Zero QUANTITY
100437,102,4/16/2024,P_014,-3,15,Zero QUANTITY
100438,101,04-07-2024,P_013,0,20,Zero QUANTITY
100445,107,4/26/2024,P_028,1,-15,Zero QUANTITY
100453,101,04-01-2024,P_047,-4,15,Zero QUANTITY
100478,106,2026/13/40,P_021,5,15,Zero QUANTITY
100482,107,4/27/2024,,5,20,Missing PRODUCT_ID
100485,107,4/22/2024,,3,20,Missing PRODUCT_ID
100495,103,5/27/2024,P_010,1,150,Discount greater than 100%
100559,108,5/16/2024,,3,5,Missing PRODUCT_ID
100564,102,5/22/2024,P_039,5,150,Zero QUANTITY
100575,,05-11-2024,P_020,3,10,Missing STORE_ID
100584,101,2026/13/40,P_047,1,20,Zero QUANTITY
100591,,5/31/2024,P_038,2,10,Missing STORE_ID
100599,105,5/25/2024,,3,15,Missing PRODUCT_ID
100602,107,5/25/2024,,5,5,Missing PRODUCT_ID
100632,101,5/20/2024,P_008,0,20,Zero QUANTITY
100646,103,5/15/2024,P_020,4,-10,Zero QUANTITY
100651,102,5/13/2024,P_031,-3,10,Zero QUANTITY
100653,101,5/29/2024,,3,5,Missing PRODUCT_ID
100656,,05-10-2024,P_003,2,10,Missing STORE_ID
100660,,5/15/2024,P_047,4,0,Missing STORE_ID
100668,108,5/26/2024,,4,20,Missing PRODUCT_ID
100695,,5/31/2024,P_017,4,10,Missing STORE_ID
100714,105,5/16/2024,P_015,-1,10,Zero QUANTITY
100722,101,05-05-2024,P_039,0,0,Zero QUANTITY
100727,102,5/15/2024,P_039,5,-15,Zero QUANTITY
100731,108,05-10-2024,P_028,-3,0,Zero QUANTITY
100738,101,5/14/2024,P_023,-3,20,Zero QUANTITY
100744,107,5/25/2024,P_011,0,10,Zero QUANTITY
100764,101,2026/13/40,P_026,4,0,Zero QUANTITY
100767,103,05-08-2024,,1,20,Missing PRODUCT_ID
100777,102,5/27/2024,,4,0,Missing PRODUCT_ID
100780,108,5/14/2024,P_020,-3,0,Zero QUANTITY
100785,107,5/18/2024,P_015,0,5,Zero QUANTITY
100787,102,2026/13/40,P_015,4,0,Zero QUANTITY
100799,104,5/24/2024,P_046,-1,15,Zero QUANTITY
100818,106,05-02-2024,P_036,0,15,Zero QUANTITY
100820,108,5/24/2024,P_041,0,15,Zero QUANTITY
100836,106,05-07-2024,P_001,0,0,Zero QUANTITY
100843,108,2026/13/40,P_019,2,15,Zero QUANTITY
100846,103,05-05-2024,,3,5,Missing PRODUCT_ID
100847,106,5/21/2024,,2,20,Missing PRODUCT_ID
100850,103,5/17/2024,P_031,0,0,Zero QUANTITY
100852,,5/19/2024,P_012,1,5,Missing STORE_ID
100855,102,5/21/2024,P_012,-5,5,Zero QUANTITY
100862,102,5/23/2024,P_040,5,150,Discount greater than 100%
100867,105,5/22/2024,P_008,2,150,Discount greater than 100%
100879,,05-05-2024,P_028,3,20,Missing STORE_ID
100899,103,05-01-2024,P_049,4,150,Discount greater than 100%
100903,105,05-01-2024,,1,10,Missing PRODUCT_ID
100935,104,5/13/2024,,2,0,Missing PRODUCT_ID
100937,103,5/26/2024,,5,5,Missing PRODUCT_ID
100943,106,2026/13/40,P_037,3,5,Zero QUANTITY
100944,108,6/27/2024,P_044,2,0,Zero QUANTITY
100949,104,6/23/2024,,5,5,Missing PRODUCT_ID
100955,105,06-10-2024,P_009,-2,5,Zero QUANTITY
100959,108,2026/13/40,P_001,5,10,Zero QUANTITY
100971,101,6/20/2024,P_017,0,0,Zero QUANTITY
100980,108,06-03-2024,,4,0,Missing PRODUCT_ID
101001,103,2026/13/40,P_025,2,20,Zero QUANTITY
101005,106,6/27/2024,P_050,3,-20,Zero QUANTITY
101018,101,06-03-2024,,4,20,Missing PRODUCT_ID
101022,103,6/26/2024,,2,0,Missing PRODUCT_ID
101022,106,2026/13/40,P_025,1,20,Zero QUANTITY
101022,106,6/26/2024,P_023,5,150,Discount greater than 100%
101030,105,6/19/2024,P_013,0,15,Zero QUANTITY
101042,104,06-04-2024,P_038,3,150,Discount greater than 100%
101060,,06-06-2024,P_024,3,5,Missing STORE_ID
101061,108,6/24/2024,P_038,2,150,Discount greater than 100%
101076,108,6/30/2024,P_032,0,0,Zero QUANTITY
101079,,06-06-2024,P_037,3,15,Missing STORE_ID
101094,106,6/27/2024,P_029,2,150,Discount greater than 100%
101098,108,06-08-2024,,5,15,Missing PRODUCT_ID
101101,107,2026/13/40,P_049,1,20,Zero QUANTITY
101113,,6/13/2024,P_002,1,10,Missing STORE_ID
101124,102,6/22/2024,,3,0,Missing PRODUCT_ID
101127,101,6/21/2024,P_023,0,10,Zero QUANTITY
101130,,06-05-2024,P_025,5,5,Missing STORE_ID
101155,101,2026/13/40,P_047,3,0,Zero QUANTITY
101168,106,06-12-2024,,2,5,Missing PRODUCT_ID
101171,,6/14/2024,P_043,4,15,Missing STORE_ID
101182,103,06-09-2024,P_029,0,15,Zero QUANTITY
101183,108,2026/13/40,P_042,2,5,Zero QUANTITY
101188,105,06-09-2024,P_048,0,5,Zero QUANTITY
101194,106,6/14/2024,,5,15,Missing PRODUCT_ID
101215,107,06-10-2024,,5,5,Missing PRODUCT_ID
101219,104,06-12-2024,P_047,0,5,Zero QUANTITY
101223,107,06-09-2024,P_007,-1,20,Zero QUANTITY
101243,106,6/29/2024,P_022,-3,5,Zero QUANTITY
101256,106,6/16/2024,P_012,0,0,Zero QUANTITY
101267,101,06-07-2024,P_019,0,5,Zero QUANTITY
101284,,06-03-2024,P_028,3,20,Missing STORE_ID
101286,,06-07-2024,P_030,4,5,Missing STORE_ID
101287,107,6/21/2024,P_033,5,150,Discount greater than 100%
101293,103,06-10-2024,,2,20,Missing PRODUCT_ID
101309,105,06-12-2024,P_008,0,15,Zero QUANTITY
101317,,6/29/2024,P_007,5,20,Missing STORE_ID
101320,105,6/29/2024,P_013,-1,10,Zero QUANTITY
101321,,06-03-2024,P_030,2,10,Missing STORE_ID
101334,101,06-04-2024,P_028,0,5,Zero QUANTITY
101339,105,6/15/2024,P_021,0,10,Zero QUANTITY
101380,106,06-10-2024,,2,5,Missing PRODUCT_ID
101389,,06-10-2024,P_042,5,0,Missing STORE_ID
101428,,7/28/2024,P_005,5,20,Missing STORE_ID
101429,104,7/22/2024,P_001,4,150,Discount greater than 100%
101430,103,7/31/2024,,2,10,Missing PRODUCT_ID
101436,103,2026/13/40,P_048,4,20,Zero QUANTITY
101438,104,7/17/2024,P_006,-3,10,Zero QUANTITY
101457,106,7/31/2024,P_033,-4,5,Zero QUANTITY
101463,103,7/27/2024,,5,0,Missing PRODUCT_ID
101470,106,07-02-2024,,3,15,Missing PRODUCT_ID
101486,108,07-11-2024,P_003,-3,5,Zero QUANTITY
101560,106,7/30/2024,P_035,0,10,Zero QUANTITY
101584,101,07-10-2024,P_043,-1,20,Zero QUANTITY
101587,101,7/31/2024,P_026,0,5,Zero QUANTITY
101616,106,07-02-2024,P_046,3,150,Discount greater than 100%
101631,,7/30/2024,P_006,5,20,Missing STORE_ID
101634,101,7/16/2024,,2,5,Missing PRODUCT_ID
101652,103,7/14/2024,P_036,-4,15,Zero QUANTITY
101669,103,07-03-2024,P_004,5,150,Discount greater than 100%
101671,102,7/13/2024,P_019,2,-10,Zero QUANTITY
101672,101,07-03-2024,P_029,0,20,Zero QUANTITY
101674,102,7/15/2024,P_006,0,0,Zero QUANTITY
101675,101,7/22/2024,P_014,2,150,Discount greater than 100%
101676,104,07-01-2024,,5,10,Missing PRODUCT_ID
101690,,07-08-2024,P_026,4,15,Missing STORE_ID
101693,101,7/25/2024,,4,20,Missing PRODUCT_ID
101710,106,2026/13/40,P_026,5,15,Zero QUANTITY
101718,107,7/26/2024,P_039,-5,15,Zero QUANTITY
101744,103,7/28/2024,P_004,1,-20,Zero QUANTITY
101758,106,7/27/2024,P_002,1,-15,Zero QUANTITY
101764,106,7/28/2024,,3,0,Missing PRODUCT_ID
101771,108,07-04-2024,,1,0,Missing PRODUCT_ID
101784,107,2026/13/40,P_016,1,20,Zero QUANTITY
101788,,7/28/2024,P_015,1,5,Missing STORE_ID
101793,101,7/16/2024,P_040,3,-5,Zero QUANTITY
101796,107,7/30/2024,P_044,1,150,Discount greater than 100%
101798,107,07-01-2024,P_020,3,0,Zero QUANTITY
101800,101,7/30/2024,P_014,2,150,Discount greater than 100%
101812,106,7/22/2024,,3,5,Missing PRODUCT_ID
101836,107,08-03-2024,P_031,5,0,Zero QUANTITY
101873,105,8/26/2024,P_010,0,0,Zero QUANTITY
101881,101,8/26/2024,,2,0,Missing PRODUCT_ID
101890,103,8/21/2024,P_018,5,-10,Zero QUANTITY
101893,,8/16/2024,P_033,1,0,Missing STORE_ID
101901,,8/20/2024,P_003,3,20,Missing STORE_ID
101911,105,8/25/2024,,5,10,Missing PRODUCT_ID
101919,104,08-12-2024,P_022,5,150,Discount greater than 100%
101927,107,8/14/2024,,2,15,Missing PRODUCT_ID
101933,105,2026/13/40,P_024,4,0,Zero QUANTITY
101937,102,08-06-2024,P_031,0,5,Zero QUANTITY
101949,108,8/18/2024,,2,15,Missing PRODUCT_ID
101957,108,08-06-2024,,4,10,Missing PRODUCT_ID
101972,105,8/16/2024,,5,0,Missing PRODUCT_ID
101990,105,08-12-2024,P_003,5,-5,Zero QUANTITY
101996,108,08-10-2024,,1,20,Missing PRODUCT_ID
102010,,8/23/2024,P_047,4,0,Missing STORE_ID
102015,102,8/29/2024,P_031,4,150,Discount greater than 100%
102027,104,8/29/2024,,4,20,Missing PRODUCT_ID
102031,103,8/28/2024,,5,15,Missing PRODUCT_ID
102032,104,8/19/2024,P_017,0,10,Zero QUANTITY
102040,108,8/18/2024,P_023,1,150,Discount greater than 100%
102043,,8/20/2024,P_027,3,5,Missing STORE_ID
102070,104,8/26/2024,P_007,3,150,Discount greater than 100%
102071,104,08-01-2024,,1,5,Missing PRODUCT_ID
102081,108,2026/13/40,P_005,4,5,Zero QUANTITY
102100,,8/14/2024,P_043,4,0,Missing STORE_ID
102101,,8/25/2024,P_010,4,0,Missing STORE_ID
102109,,08-06-2024,P_042,3,5,Missing STORE_ID
102112,104,08-02-2024,P_001,0,20,Zero QUANTITY
102124,105,2026/13/40,P_022,3,20,Zero QUANTITY
102137,102,8/15/2024,,2,5,Missing PRODUCT_ID
102155,101,2026/13/40,P_025,2,15,Zero QUANTITY
102160,102,08-11-2024,P_048,-1,0,Zero QUANTITY
102172,,8/16/2024,P_030,2,10,Missing STORE_ID
102209,102,08-01-2024,,3,10,Missing PRODUCT_ID
102238,,08-09-2024,P_017,2,5,Missing STORE_ID
102248,,08-10-2024,P_038,4,0,Missing STORE_ID
102258,104,08-01-2024,P_013,2,0,Zero QUANTITY
102270,,8/26/2024,P_050,4,20,Missing STORE_ID
102295,105,2026/13/40,P_049,4,0,Zero QUANTITY
102320,,9/16/2024,P_008,4,5,Missing STORE_ID
102328,103,09-12-2024,P_009,2,150,Discount greater than 100%
102350,101,09-09-2024,P_039,4,150,Discount greater than 100%
102351,108,9/19/2024,P_019,4,150,Discount greater than 100%
102361,107,9/30/2024,,1,0,Missing PRODUCT_ID
102366,106,09-08-2024,,1,0,Missing PRODUCT_ID
102374,106,9/14/2024,,2,15,Missing PRODUCT_ID
102404,,9/16/2024,P_047,5,10,Missing STORE_ID
102409,106,09-08-2024,,4,10,Missing PRODUCT_ID
102411,104,09-12-2024,P_014,-2,20,Zero QUANTITY
102419,,9/25/2024,P_016,1,5,Missing STORE_ID
102462,108,9/15/2024,P_013,1,-20,Zero QUANTITY
102480,101,09-07-2024,,5,5,Missing PRODUCT_ID
102498,106,09-04-2024,P_017,-2,15,Zero QUANTITY
102502,107,9/21/2024,P_044,4,-20,Zero QUANTITY
102505,102,09-11-2024,P_013,-4,5,Zero QUANTITY
102509,101,2026/13/40,P_019,3,5,Zero QUANTITY
102514,105,09-05-2024,P_025,-2,10,Zero QUANTITY
102523,106,09-07-2024,P_048,2,150,Discount greater than 100%
102540,108,9/19/2024,,2,20,Missing PRODUCT_ID
102543,104,09-03-2024,P_020,5,150,Discount greater than 100%
102563,102,2026/13/40,P_007,4,0,Zero QUANTITY
102569,102,09-01-2024,P_007,5,-20,Zero QUANTITY
102574,104,09-02-2024,P_030,0,5,Zero QUANTITY
102577,101,9/21/2024,P_037,1,-15,Zero QUANTITY
102581,104,09-01-2024,P_010,0,0,Zero QUANTITY
102591,102,9/14/2024,P_022,-4,10,Zero QUANTITY
102594,108,2026/13/40,P_001,4,0,Zero QUANTITY
102601,101,9/23/2024,P_047,0,0,Zero QUANTITY
102629,107,10-03-2024,P_039,0,0,Zero QUANTITY
102633,106,2026/13/40,P_045,5,5,Zero QUANTITY
102638,105,10/31/2024,,1,10,Missing PRODUCT_ID
102639,101,10/30/2024,P_025,3,-20,Zero QUANTITY
102641,104,2026/13/40,P_029,3,15,Zero QUANTITY
102645,106,2026/13/40,P_033,5,15,Zero QUANTITY
102685,,10-06-2024,P_028,3,20,Missing STORE_ID
102686,101,10/23/2024,,2,0,Missing PRODUCT_ID
102710,102,10/27/2024,P_030,3,150,Discount greater than 100%
102747,,10/30/2024,P_012,4,0,Missing STORE_ID
102750,,10/28/2024,P_036,4,20,Missing STORE_ID
102773,102,10-09-2024,P_028,3,150,Discount greater than 100%
102808,,10/16/2024,P_049,3,15,Missing STORE_ID
102813,101,10-09-2024,,3,5,Missing PRODUCT_ID
102822,101,10/21/2024,,3,0,Missing PRODUCT_ID
102829,101,2026/13/40,P_005,5,15,Zero QUANTITY
102852,108,2026/13/40,P_042,4,5,Zero QUANTITY
102875,101,10/31/2024,P_017,-2,20,Zero QUANTITY
102879,102,10-04-2024,,3,0,Missing PRODUCT_ID
102888,106,2026/13/40,P_048,2,20,Zero QUANTITY
102895,104,10-11-2024,,5,20,Missing PRODUCT_ID
102925,103,2026/13/40,P_018,4,20,Zero QUANTITY
102928,102,10/22/2024,,3,0,Missing PRODUCT_ID
102932,104,10/21/2024,P_024,0,15,Zero QUANTITY
102933,104,10-08-2024,P_016,0,15,Zero QUANTITY
102942,104,10/19/2024,P_028,1,-5,Zero QUANTITY
102946,104,10-08-2024,P_013,-5,20,Zero QUANTITY
102949,108,10/29/2024,,2,10,Missing PRODUCT_ID
102951,107,10-10-2024,P_034,1,-5,Zero QUANTITY
102953,106,10-04-2024,P_031,2,150,Discount greater than 100%
102954,103,2026/13/40,P_002,5,5,Zero QUANTITY
102959,107,10/31/2024,,3,20,Missing PRODUCT_ID
102960,104,10/22/2024,,3,10,Missing PRODUCT_ID
102979,104,10/14/2024,P_007,1,0,Zero QUANTITY
102984,107,10/13/2024,,3,15,Missing PRODUCT_ID
102987,103,2026/13/40,P_040,5,20,Zero QUANTITY
102990,107,10/30/2024,P_048,5,150,Discount greater than 100%
103023,108,10/18/2024,,4,15,Missing PRODUCT_ID
103025,106,10/31/2024,P_021,-3,20,Zero QUANTITY
103036,106,10/27/2024,,5,15,Missing PRODUCT_ID
103058,102,10/20/2024,P_007,0,5,Zero QUANTITY
103069,,10-01-2024,P_041,5,20,Missing STORE_ID
103081,107,10/27/2024,P_048,-5,20,Zero QUANTITY
103084,103,10-10-2024,P_035,1,150,Discount greater than 100%
103147,104,2026/13/40,P_023,1,5,Zero QUANTITY
103152,106,11/23/2024,P_036,4,0,Zero QUANTITY
103176,106,11/24/2024,P_031,5,0,Zero QUANTITY
103183,104,11/19/2024,P_019,0,15,Zero QUANTITY
103195,104,11-07-2024,,1,10,Missing PRODUCT_ID
103204,104,11/22/2024,P_027,2,150,Discount greater than 100%
103226,108,11/28/2024,P_017,-1,0,Zero QUANTITY
103237,,11-09-2024,P_041,1,5,Missing STORE_ID
103278,107,11-05-2024,P_029,-5,10,Zero QUANTITY
103281,,11/28/2024,P_016,5,0,Missing STORE_ID
103282,107,2026/13/40,P_020,1,15,Zero QUANTITY
103290,104,11/24/2024,,2,0,Missing PRODUCT_ID
103301,104,2026/13/40,P_032,2,0,Zero QUANTITY
103337,,11/15/2024,P_048,4,15,Missing STORE_ID
103339,102,2026/13/40,P_007,2,15,Zero QUANTITY
103351,107,11/27/2024,P_015,5,-10,Zero QUANTITY
103360,,11/13/2024,P_022,5,5,Missing STORE_ID
103363,101,11/30/2024,P_048,-1,5,Zero QUANTITY
103363,106,11/30/2024,,5,5,Missing PRODUCT_ID
103366,102,11-12-2024,P_002,-4,20,Zero QUANTITY
103384,102,11/15/2024,P_015,0,15,Zero QUANTITY
103389,106,11-12-2024,,2,20,Missing PRODUCT_ID
103410,108,11/29/2024,,2,0,Missing PRODUCT_ID
103441,106,11/13/2024,P_026,4,150,Discount greater than 100%
103476,104,11/27/2024,,5,0,Missing PRODUCT_ID
103495,103,2026/13/40,P_027,4,15,Zero QUANTITY
103505,108,11/16/2024,,3,5,Missing PRODUCT_ID
103509,102,11/23/2024,,4,15,Missing PRODUCT_ID
103529,104,11-06-2024,P_003,0,0,Zero QUANTITY
103545,106,11/21/2024,P_041,4,-15,Zero QUANTITY
103557,105,2026/13/40,P_018,5,15,Zero QUANTITY
103567,105,11-06-2024,P_013,2,-10,Zero QUANTITY
103572,108,11/25/2024,,2,20,Missing PRODUCT_ID
103610,108,11-07-2024,P_004,-1,5,Zero QUANTITY
103622,107,12/13/2024,P_010,4,-15,Zero QUANTITY
103638,103,12-10-2024,P_009,-3,0,Zero QUANTITY
103660,,12/25/2024,P_033,4,15,Missing STORE_ID
103679,101,2026/13/40,P_042,3,10,Zero QUANTITY
103683,104,12/28/2024,P_041,2,150,Discount greater than 100%
103697,101,12/17/2024,P_008,2,150,Discount greater than 100%
103702,105,2026/13/40,P_045,3,0,Zero QUANTITY
103716,,12-11-2024,P_045,2,10,Missing STORE_ID
103728,106,12-04-2024,P_033,-4,15,Zero QUANTITY
103730,,12-08-2024,P_023,5,20,Missing STORE_ID
103742,102,12/19/2024,P_044,-5,20,Zero QUANTITY
103745,,12-09-2024,P_015,4,20,Missing STORE_ID
103746,106,12-02-2024,,3,10,Missing PRODUCT_ID
103761,107,12/21/2024,,4,20,Missing PRODUCT_ID
103771,106,12/22/2024,P_018,-3,0,Zero QUANTITY
103792,105,12/15/2024,P_015,2,150,Discount greater than 100%
103811,,12/30/2024,P_022,2,5,Missing STORE_ID
103812,101,12/21/2024,,3,20,Missing PRODUCT_ID
103818,107,12/29/2024,P_033,-4,0,Zero QUANTITY
103824,103,12-08-2024,,5,20,Missing PRODUCT_ID
103844,102,12/26/2024,P_036,4,150,Discount greater than 100%
103845,102,12/25/2024,P_019,-2,20,Zero QUANTITY
103850,104,12/21/2024,P_015,0,20,Zero QUANTITY
103860,108,12/26/2024,P_044,3,150,Discount greater than 100%
103863,104,12/22/2024,P_017,4,-20,Zero QUANTITY
103887,108,12-01-2024,P_026,-1,0,Zero QUANTITY
103892,105,12-05-2024,P_023,4,0,Zero QUANTITY
103900,102,12/13/2024,P_023,1,150,Discount greater than 100%
103903,101,12/26/2024,P_046,-1,0,Zero QUANTITY
103921,101,12/13/2024,P_019,-4,0,Zero QUANTITY
103928,106,12-06-2024,P_042,2,150,Discount greater than 100%
103953,106,2026/13/40,P_042,3,10,Zero QUANTITY
103960,101,12-12-2024,P_033,3,-5,Zero QUANTITY
103972,104,2026/13/40,P_004,1,10,Zero QUANTITY
103978,106,12/17/2024,P_002,0,15,Zero QUANTITY
103999,105,12/29/2024,,3,5,Missing PRODUCT_ID
104023,,12/22/2024,P_048,4,20,Missing STORE_ID
104028,107,12-08-2024,,5,15,Missing PRODUCT_ID
104043,102,12/13/2024,P_050,-5,0,Zero QUANTITY
104054,101,12/15/2024,,3,0,Missing PRODUCT_ID
104068,102,01-11-2025,,1,5,Missing PRODUCT_ID
104080,,01-11-2025,P_008,2,15,Missing STORE_ID
104096,101,01-04-2025,P_043,3,150,Discount greater than 100%
104101,107,01-10-2025,P_039,3,0,Zero QUANTITY
104102,105,1/26/2025,,5,5,Missing PRODUCT_ID
104122,102,1/29/2025,P_015,4,0,Zero QUANTITY
104142,103,1/22/2025,P_008,0,10,Zero QUANTITY
104144,,1/16/2025,P_047,5,10,Missing STORE_ID
104146,,01-04-2025,P_044,4,5,Missing STORE_ID
104159,105,01-12-2025,,1,5,Missing PRODUCT_ID
104162,106,1/13/2025,,2,5,Missing PRODUCT_ID
104170,105,1/21/2025,P_035,-4,5,Zero QUANTITY
104184,,1/18/2025,P_003,2,0,Missing STORE_ID
104200,107,1/29/2025,P_044,-3,20,Zero QUANTITY
104203,104,01-01-2025,,4,5,Missing PRODUCT_ID
104206,104,1/19/2025,P_032,1,-15,Zero QUANTITY
104213,103,2026/13/40,P_020,1,10,Zero QUANTITY
104214,108,2026/13/40,P_026,2,15,Zero QUANTITY
104241,103,1/23/2025,P_027,-1,15,Zero QUANTITY
104258,107,1/17/2025,P_010,3,150,Discount greater than 100%
104267,103,1/24/2025,P_025,-4,20,Zero QUANTITY
104298,104,01-08-2025,,4,5,Missing PRODUCT_ID
104300,,01-10-2025,P_015,4,10,Missing STORE_ID
104302,103,01-08-2025,P_018,0,15,Zero QUANTITY
104306,108,2026/13/40,P_039,4,15,Zero QUANTITY
104320,102,01-07-2025,P_008,-2,20,Zero QUANTITY
104334,103,01-11-2025,P_032,1,-10,Zero QUANTITY
104338,102,1/27/2025,P_024,2,150,Discount greater than 100%
104358,101,1/28/2025,P_036,4,150,Discount greater than 100%
104371,103,01-04-2025,P_047,-2,5,Zero QUANTITY
104372,101,1/31/2025,P_031,-3,0,Zero QUANTITY
104379,107,1/27/2025,P_025,4,-20,Zero QUANTITY
104394,108,1/29/2025,,2,20,Missing PRODUCT_ID
104411,108,01-04-2025,,4,0,Missing PRODUCT_ID
104414,107,01-05-2025,,2,20,Missing PRODUCT_ID
104420,108,1/25/2025,P_029,4,-5,Zero QUANTITY
104435,103,1/28/2025,P_007,3,150,Discount greater than 100%
104446,108,2026/13/40,P_028,2,5,Zero QUANTITY
104453,107,01-07-2025,P_032,-4,20,Zero QUANTITY
104470,105,1/19/2025,,1,5,Missing PRODUCT_ID
104475,102,1/15/2025,P_006,0,5,Zero QUANTITY
104499,101,1/27/2025,,1,20,Missing PRODUCT_ID
104499,,1/27/2025,P_050,2,20,Missing STORE_ID
104505,108,1/27/2025,P_001,-5,20,Zero QUANTITY
104506,107,2026/13/40,P_021,3,15,Zero QUANTITY
104508,101,1/27/2025,P_050,0,15,Zero QUANTITY
104515,108,1/17/2025,P_005,0,20,Zero QUANTITY
104525,105,1/18/2025,,5,15,Missing PRODUCT_ID
104526,,01-01-2025,P_010,2,0,Missing STORE_ID
104532,103,1/15/2025,P_038,3,-15,Zero QUANTITY
104543,,1/16/2025,P_019,3,0,Missing STORE_ID
104549,108,1/22/2025,P_008,0,10,Zero QUANTITY
104557,,02-10-2025,P_011,1,10,Missing STORE_ID
104562,105,2/16/2025,,5,5,Missing PRODUCT_ID
104569,103,02-05-2025,P_006,3,150,Discount greater than 100%
104585,103,2026/13/40,P_049,3,20,Zero QUANTITY
104586,104,2026/13/40,P_014,5,0,Zero QUANTITY
104623,101,2026/13/40,P_039,4,20,Zero QUANTITY
104631,106,02-07-2025,P_031,-3,15,Zero QUANTITY
104642,104,2/13/2025,P_050,0,5,Zero QUANTITY
104647,105,2/13/2025,P_015,0,10,Zero QUANTITY
104654,104,2/20/2025,P_047,4,150,Discount greater than 100%
104667,,02-07-2025,P_037,3,15,Missing STORE_ID
104669,102,2/13/2025,P_036,1,150,Discount greater than 100%
104692,105,02-02-2025,,1,5,Missing PRODUCT_ID
104697,103,2026/13/40,P_040,5,10,Zero QUANTITY
104697,105,02-03-2025,P_040,-4,5,Zero QUANTITY
104747,102,2/18/2025,P_040,-5,5,Zero QUANTITY
104778,108,02-01-2025,P_030,2,150,Discount greater than 100%
104793,107,2026/13/40,P_025,5,0,Zero QUANTITY
104797,105,2/20/2025,P_025,2,150,Discount greater than 100%
104828,101,2026/13/40,P_007,4,20,Zero QUANTITY
104830,105,02-08-2025,P_021,-4,0,Zero QUANTITY
104846,101,02-03-2025,,2,15,Missing PRODUCT_ID
104854,102,2026/13/40,P_045,2,20,Zero QUANTITY
104860,107,2/19/2025,P_034,0,10,Zero QUANTITY
104861,106,2026/13/40,P_023,4,10,Zero QUANTITY
104871,102,2/27/2025,,5,5,Missing PRODUCT_ID
104873,108,02-01-2025,,5,5,Missing PRODUCT_ID
104875,105,2/26/2025,P_032,2,150,Discount greater than 100%
104882,105,2/16/2025,,3,0,Missing PRODUCT_ID
104884,108,02-07-2025,P_002,1,-20,Zero QUANTITY
104888,105,2026/13/40,P_009,2,15,Zero QUANTITY
104897,,2/22/2025,P_031,2,10,Missing STORE_ID
104914,106,02-12-2025,,3,10,Missing PRODUCT_ID
104919,108,2/18/2025,P_010,0,0,Zero QUANTITY
104920,108,2026/13/40,P_001,5,10,Zero QUANTITY
104942,,2/15/2025,P_033,3,15,Missing STORE_ID
104977,,2/21/2025,P_039,1,20,Missing STORE_ID
104981,104,02-10-2025,,4,0,Missing PRODUCT_ID
104987,104,2/13/2025,P_048,0,15,Zero QUANTITY
104999,106,2/23/2025,,4,5,Missing PRODUCT_ID
105005,106,2/21/2025,P_012,-5,10,Zero QUANTITY
105007,108,2/18/2025,P_002,1,150,Discount greater than 100%
105014,102,02-04-2025,P_013,-1,15,Zero QUANTITY
105020,103,2026/13/40,P_015,1,0,Zero QUANTITY
105032,103,2/20/2025,P_030,-3,5,Zero QUANTITY
105043,105,2/27/2025,,4,20,Missing PRODUCT_ID
105051,101,3/25/2025,P_032,0,5,Zero QUANTITY
105052,,03-01-2025,P_039,2,15,Missing STORE_ID
105056,104,3/31/2025,,1,20,Missing PRODUCT_ID
105073,102,3/23/2025,P_048,-3,5,Zero QUANTITY
105078,,3/26/2025,P_043,3,20,Missing STORE_ID
105082,,3/19/2025,P_008,4,5,Missing STORE_ID
105084,105,3/18/2025,P_002,4,-10,Zero QUANTITY
105086,101,03-03-2025,P_008,0,15,Zero QUANTITY
105119,107,3/26/2025,,3,10,Missing PRODUCT_ID
105146,,3/25/2025,P_032,3,15,Missing STORE_ID
105185,,3/17/2025,P_050,1,15,Missing STORE_ID
105186,107,3/29/2025,,4,0,Missing PRODUCT_ID
105187,108,2026/13/40,P_046,2,0,Zero QUANTITY
105197,101,3/24/2025,P_009,0,20,Zero QUANTITY
105244,102,03-06-2025,P_031,-1,20,Zero QUANTITY
105248,101,03-01-2025,P_038,2,0,Zero QUANTITY
105266,108,3/15/2025,,5,0,Missing PRODUCT_ID
105268,102,03-06-2025,P_019,-2,5,Zero QUANTITY
105290,105,03-01-2025,P_010,0,15,Zero QUANTITY
105301,,3/16/2025,P_011,5,0,Missing STORE_ID
105302,105,2026/13/40,P_012,2,0,Zero QUANTITY
105342,102,3/18/2025,P_039,2,150,Discount greater than 100%
105346,105,3/20/2025,P_003,0,5,Zero QUANTITY
105354,108,03-06-2025,P_033,3,-15,Zero QUANTITY
105358,108,3/29/2025,,4,15,Missing PRODUCT_ID
105361,107,2026/13/40,P_011,2,15,Zero QUANTITY
105380,106,03-04-2025,P_013,0,20,Zero QUANTITY
105395,,3/30/2025,P_004,3,10,Missing STORE_ID
105405,103,3/28/2025,P_036,-3,5,Zero QUANTITY
105407,105,3/22/2025,,5,10,Missing PRODUCT_ID
105411,,3/23/2025,P_003,4,5,Missing STORE_ID
105414,106,03-05-2025,P_023,-3,5,Zero QUANTITY
105429,108,3/18/2025,P_036,2,150,Discount greater than 100%
105445,107,3/21/2025,P_024,2,-15,Zero QUANTITY
105449,103,03-10-2025,P_002,4,-10,Zero QUANTITY
105451,107,3/27/2025,,4,10,Missing PRODUCT_ID
105453,105,3/26/2025,P_023,-5,15,Zero QUANTITY
105456,,03-10-2025,P_041,2,0,Missing STORE_ID
105458,104,3/27/2025,P_001,4,-10,Zero QUANTITY
105476,106,03-07-2025,,2,10,Missing PRODUCT_ID
105481,107,03-02-2025,P_041,0,10,Zero QUANTITY
105482,105,03-12-2025,P_011,0,20,Zero QUANTITY
105488,102,3/14/2025,P_021,2,-15,Zero QUANTITY
105494,108,03-07-2025,P_036,4,-15,Zero QUANTITY
105515,106,04-06-2025,P_036,0,10,Zero QUANTITY
105549,106,4/13/2025,,4,5,Missing PRODUCT_ID
105569,104,4/29/2025,P_040,0,0,Zero QUANTITY
105577,106,4/28/2025,,2,15,Missing PRODUCT_ID
105580,102,04-01-2025,P_046,2,-10,Zero QUANTITY
105584,108,4/22/2025,,4,5,Missing PRODUCT_ID
105594,,04-06-2025,P_045,4,20,Missing STORE_ID
105620,101,4/29/2025,,3,15,Missing PRODUCT_ID
105623,108,4/27/2025,P_027,1,-20,Zero QUANTITY
105632,,04-11-2025,P_047,4,0,Missing STORE_ID
105635,101,2026/13/40,P_031,2,15,Zero QUANTITY
105638,,04-02-2025,P_010,4,0,Missing STORE_ID
105643,107,4/28/2025,P_019,5,150,Discount greater than 100%
105658,,04-10-2025,P_016,4,15,Missing STORE_ID
105700,102,4/29/2025,P_006,4,-10,Zero QUANTITY
105716,104,4/28/2025,P_022,0,20,Zero QUANTITY
105740,106,04-02-2025,,3,0,Missing PRODUCT_ID
105747,106,4/16/2025,P_030,1,0,Zero QUANTITY
105750,,4/25/2025,P_043,5,15,Missing STORE_ID
105758,,4/26/2025,P_006,3,20,Missing STORE_ID
105759,106,4/13/2025,P_007,1,0,Zero QUANTITY
105762,,04-03-2025,P_004,1,10,Missing STORE_ID
105763,,4/28/2025,P_045,3,20,Missing STORE_ID
105765,103,4/21/2025,,3,5,Missing PRODUCT_ID
105770,101,04-01-2025,P_010,0,20,Zero QUANTITY
105772,102,4/21/2025,P_041,-1,0,Zero QUANTITY
105791,102,2026/13/40,P_020,5,10,Zero QUANTITY
105831,106,04-11-2025,P_006,2,150,Discount greater than 100%
105846,103,2026/13/40,P_026,5,5,Zero QUANTITY
105852,104,4/24/2025,P_024,2,150,Discount greater than 100%
105858,105,2026/13/40,P_010,3,5,Zero QUANTITY
105865,101,04-01-2025,P_027,0,10,Zero QUANTITY
105873,104,04-09-2025,,5,10,Missing PRODUCT_ID
105875,103,2026/13/40,P_030,3,5,Zero QUANTITY
105888,107,04-02-2025,P_025,3,-5,Zero QUANTITY
105897,104,2026/13/40,P_046,2,5,Zero QUANTITY
105901,102,5/26/2025,,2,15,Missing PRODUCT_ID
105963,,05-08-2025,P_046,1,20,Missing STORE_ID
105972,101,2026/13/40,P_039,1,0,Zero QUANTITY
105979,107,5/15/2025,P_031,4,-5,Zero QUANTITY
105988,108,5/26/2025,,2,15,Missing PRODUCT_ID
106004,107,05-03-2025,,1,5,Missing PRODUCT_ID
106006,105,05-09-2025,P_004,2,150,Discount greater than 100%
106021,106,05-12-2025,,1,15,Missing PRODUCT_ID
106031,101,5/13/2025,P_013,0,5,Zero QUANTITY
106037,107,2026/13/40,P_038,1,5,Zero QUANTITY
106040,107,2026/13/40,P_030,2,10,Zero QUANTITY
106041,106,2026/13/40,P_015,5,5,Zero QUANTITY
106056,,5/27/2025,P_011,2,15,Missing STORE_ID
106061,103,5/20/2025,,5,10,Missing PRODUCT_ID
106066,103,05-05-2025,P_029,4,-5,Zero QUANTITY
106068,102,5/13/2025,P_029,0,10,Zero QUANTITY
106068,106,5/13/2025,,2,10,Missing PRODUCT_ID
106072,103,05-02-2025,P_017,2,-20,Zero QUANTITY
106074,106,5/28/2025,P_012,0,20,Zero QUANTITY
106081,106,2026/13/40,P_037,3,5,Zero QUANTITY
106085,107,05-01-2025,,5,15,Missing PRODUCT_ID
106092,103,5/20/2025,P_041,4,-15,Zero QUANTITY
106092,,5/20/2025,P_012,4,5,Missing STORE_ID
106097,106,5/19/2025,,4,10,Missing PRODUCT_ID
106107,105,05-05-2025,P_016,3,150,Discount greater than 100%
106107,,05-05-2025,P_042,5,10,Missing STORE_ID
106111,108,5/13/2025,P_003,0,0,Zero QUANTITY
106125,105,5/24/2025,P_011,5,150,Discount greater than 100%
106131,102,5/29/2025,,2,5,Missing PRODUCT_ID
106137,,05-04-2025,P_048,4,15,Missing STORE_ID
106138,,05-08-2025,P_047,2,10,Missing STORE_ID
106154,102,5/23/2025,,4,20,Missing PRODUCT_ID
106177,107,5/22/2025,P_015,5,150,Discount greater than 100%
106183,107,5/17/2025,P_012,4,-5,Zero QUANTITY
106186,107,5/19/2025,P_044,-1,15,Zero QUANTITY
106192,101,2026/13/40,P_004,2,10,Zero QUANTITY
106201,106,05-09-2025,P_047,3,150,Discount greater than 100%
106235,101,5/22/2025,P_046,0,10,Zero QUANTITY
106247,101,5/29/2025,P_041,0,0,Zero QUANTITY
106253,,05-08-2025,P_040,1,5,Missing STORE_ID
106258,108,05-03-2025,P_044,0,5,Zero QUANTITY
106288,101,05-01-2025,P_048,1,-20,Zero QUANTITY
106290,101,05-04-2025,,4,0,Missing PRODUCT_ID
106294,104,5/20/2025,,3,0,Missing PRODUCT_ID
106317,102,5/27/2025,P_014,-5,0,Zero QUANTITY
106342,101,5/30/2025,P_041,3,150,Discount greater than 100%
106349,105,5/31/2025,P_024,-3,20,Zero QUANTITY
106354,101,2026/13/40,P_002,4,15,Zero QUANTITY
106354,107,05-06-2025,P_014,1,150,Discount greater than 100%
106357,107,05-01-2025,,4,10,Missing PRODUCT_ID
106359,107,5/21/2025,P_003,4,-20,Zero QUANTITY
106361,108,05-01-2025,P_008,0,0,Zero QUANTITY
106366,103,05-03-2025,P_012,4,0,Zero QUANTITY
106371,107,05-05-2025,P_021,5,150,Discount greater than 100%
106382,,06-07-2025,P_003,1,20,Missing STORE_ID
106393,,6/14/2025,P_034,4,20,Missing STORE_ID
106395,108,6/27/2025,,4,15,Missing PRODUCT_ID
106411,108,2026/13/40,P_043,2,15,Zero QUANTITY
106424,104,06-10-2025,P_018,1,150,Discount greater than 100%
106438,105,2026/13/40,P_017,1,15,Zero QUANTITY
106440,107,6/18/2025,,1,20,Missing PRODUCT_ID
106443,102,06-02-2025,,3,15,Missing PRODUCT_ID
106453,,6/29/2025,P_049,1,5,Missing STORE_ID
106462,105,2026/13/40,P_049,1,5,Zero QUANTITY
106465,106,6/23/2025,P_043,2,-5,Zero QUANTITY
106467,108,6/14/2025,P_002,2,-20,Zero QUANTITY
106474,103,6/20/2025,P_045,0,5,Zero QUANTITY
106481,104,6/13/2025,P_010,-3,5,Zero QUANTITY
106497,101,6/19/2025,P_045,0,20,Zero QUANTITY
106497,106,6/19/2025,P_028,3,150,Discount greater than 100%
106518,106,06-04-2025,P_005,-1,10,Zero QUANTITY
106521,,6/21/2025,P_011,3,20,Missing STORE_ID
106524,108,06-09-2025,P_002,-5,20,Zero QUANTITY
106551,101,6/17/2025,P_010,3,150,Discount greater than 100%
106571,103,06-03-2025,P_038,-1,15,Zero QUANTITY
106582,,06-01-2025,P_042,1,10,Missing STORE_ID
106591,101,6/30/2025,P_048,0,5,Zero QUANTITY
106596,103,6/20/2025,,1,15,Missing PRODUCT_ID
106605,106,6/30/2025,P_018,5,-5,Zero QUANTITY
106609,108,06-03-2025,P_026,5,-5,Zero QUANTITY
106615,102,6/25/2025,,1,10,Missing PRODUCT_ID
106619,108,6/26/2025,P_042,2,-15,Zero QUANTITY
106622,106,06-08-2025,P_049,5,-5,Zero QUANTITY
106640,105,6/18/2025,P_001,-4,20,Zero QUANTITY
106645,104,6/26/2025,P_017,0,10,Zero QUANTITY
106647,107,06-07-2025,P_038,1,150,Discount greater than 100%
106671,101,6/19/2025,P_031,5,150,Discount greater than 100%
106677,103,2026/13/40,P_012,3,15,Zero QUANTITY
106701,,6/17/2025,P_035,4,0,Missing STORE_ID
106717,106,06-02-2025,P_017,1,150,Discount greater than 100%
106733,107,6/28/2025,,5,5,Missing PRODUCT_ID
106744,108,06-03-2025,,2,15,Missing PRODUCT_ID
106754,102,06-10-2025,P_043,2,150,Discount greater than 100%
106770,103,07-03-2025,P_005,-4,0,Zero QUANTITY
106788,101,7/29/2025,P_049,3,150,Discount greater than 100%
106805,105,7/17/2025,P_035,2,0,Zero QUANTITY
106808,103,07-04-2025,,1,15,Missing PRODUCT_ID
106823,107,07-01-2025,P_027,4,-15,Zero QUANTITY
106829,101,07-09-2025,,2,10,Missing PRODUCT_ID
106833,106,07-05-2025,P_009,5,150,Discount greater than 100%
106842,108,07-11-2025,P_026,-4,5,Zero QUANTITY
106843,103,7/19/2025,P_039,-5,20,Zero QUANTITY
106848,105,07-05-2025,P_049,0,20,Zero QUANTITY
106868,,7/24/2025,P_047,3,15,Missing STORE_ID
106931,108,7/19/2025,P_004,3,-10,Zero QUANTITY
106932,107,07-06-2025,,4,5,Missing PRODUCT_ID
106935,108,2026/13/40,P_050,5,20,Zero QUANTITY
106945,,7/15/2025,P_026,1,0,Missing STORE_ID
106967,108,07-10-2025,,5,15,Missing PRODUCT_ID
106968,101,7/31/2025,P_043,0,5,Zero QUANTITY
106980,104,7/22/2025,P_011,4,150,Discount greater than 100%
106991,104,7/22/2025,,3,0,Missing PRODUCT_ID
107003,107,2026/13/40,P_007,2,10,Zero QUANTITY
107038,104,7/28/2025,,2,10,Missing PRODUCT_ID
107065,105,07-06-2025,,1,20,Missing PRODUCT_ID
107091,107,07-11-2025,P_045,5,150,Discount greater than 100%
107094,106,2026/13/40,P_036,3,15,Zero QUANTITY
107098,106,7/28/2025,P_004,1,0,Zero QUANTITY
107123,105,07-02-2025,P_032,1,150,Discount greater than 100%
107129,104,7/18/2025,P_033,2,-20,Zero QUANTITY
107134,104,7/17/2025,P_033,-1,10,Zero QUANTITY
107136,102,7/19/2025,,1,10,Missing PRODUCT_ID
107139,105,7/15/2025,P_014,-5,10,Zero QUANTITY
107148,103,7/19/2025,,5,20,Missing PRODUCT_ID
107155,102,7/24/2025,,4,20,Missing PRODUCT_ID
107170,107,7/24/2025,P_050,-1,10,Zero QUANTITY
107184,101,7/14/2025,P_017,0,0,Zero QUANTITY
107184,,7/14/2025,P_005,5,5,Missing STORE_ID
107190,101,2026/13/40,P_006,3,5,Zero QUANTITY
107195,105,8/14/2025,,1,10,Missing PRODUCT_ID
107211,106,8/23/2025,P_018,4,-15,Zero QUANTITY
107224,103,8/21/2025,,4,15,Missing PRODUCT_ID
107253,101,2026/13/40,P_045,1,5,Zero QUANTITY
107269,107,8/15/2025,P_017,1,-20,Zero QUANTITY
107293,106,8/31/2025,P_043,-2,5,Zero QUANTITY
107296,107,8/25/2025,P_045,1,150,Discount greater than 100%
107306,104,8/23/2025,P_028,5,-5,Zero QUANTITY
107345,104,8/29/2025,P_031,-2,15,Zero QUANTITY
107349,105,08-12-2025,P_033,0,0,Zero QUANTITY
107355,,8/24/2025,P_021,2,5,Missing STORE_ID
107365,108,08-03-2025,P_036,-1,20,Zero QUANTITY
107390,103,8/31/2025,P_049,-5,10,Zero QUANTITY
107396,104,8/26/2025,,2,10,Missing PRODUCT_ID
107397,107,08-01-2025,P_003,5,0,Zero QUANTITY
107432,105,08-05-2025,,3,10,Missing PRODUCT_ID
107436,101,2026/13/40,P_045,5,15,Zero QUANTITY
107457,108,2026/13/40,P_035,5,10,Zero QUANTITY
107471,106,8/20/2025,,1,5,Missing PRODUCT_ID
107472,,08-04-2025,P_030,4,0,Missing STORE_ID
107487,105,8/27/2025,P_038,3,-20,Zero QUANTITY
107488,108,8/30/2025,P_049,0,0,Zero QUANTITY
107497,105,2026/13/40,P_014,5,5,Zero QUANTITY
107505,102,8/17/2025,P_030,5,150,Discount greater than 100%
107516,101,08-07-2025,P_040,-2,10,Zero QUANTITY
107518,108,08-09-2025,P_018,3,150,Discount greater than 100%
107518,,08-09-2025,P_037,5,0,Missing STORE_ID
107538,107,8/17/2025,P_003,-1,20,Zero QUANTITY
107550,106,8/22/2025,P_014,-4,10,Zero QUANTITY
107555,,08-09-2025,P_038,5,15,Missing STORE_ID
107562,103,8/17/2025,P_020,-5,0,Zero QUANTITY
107573,102,8/14/2025,P_042,0,0,Zero QUANTITY
107579,103,8/25/2025,P_036,0,0,Zero QUANTITY
107587,105,8/26/2025,,3,0,Missing PRODUCT_ID
107602,107,08-09-2025,P_032,5,150,Discount greater than 100%
107607,107,08-10-2025,P_015,5,150,Discount greater than 100%
107616,106,2026/13/40,P_030,5,5,Zero QUANTITY
107624,108,08-01-2025,P_044,-4,5,Zero QUANTITY
107656,104,09-11-2025,P_032,0,5,Zero QUANTITY
107663,104,09-04-2025,P_024,0,20,Zero QUANTITY
107676,,09-11-2025,P_031,2,10,Missing STORE_ID
107677,105,09-12-2025,P_016,3,-20,Zero QUANTITY
107687,103,09-02-2025,P_006,2,0,Zero QUANTITY
107705,105,09-06-2025,,1,5,Missing PRODUCT_ID
107715,,09-11-2025,P_001,3,0,Missing STORE_ID
107716,,09-05-2025,P_047,1,0,Missing STORE_ID
107733,101,9/15/2025,P_049,1,150,Discount greater than 100%
107743,103,09-06-2025,,1,20,Missing PRODUCT_ID
107766,103,09-12-2025,,4,10,Missing PRODUCT_ID
107801,106,09-07-2025,P_038,1,150,Discount greater than 100%
107805,107,9/29/2025,P_010,3,150,Discount greater than 100%
107810,106,9/21/2025,,4,0,Missing PRODUCT_ID
107827,106,09-02-2025,P_006,-1,15,Zero QUANTITY
107828,108,2026/13/40,P_026,3,20,Zero QUANTITY
107830,,9/29/2025,P_044,2,0,Missing STORE_ID
107835,102,09-11-2025,P_005,3,-15,Zero QUANTITY
107842,103,09-03-2025,,4,10,Missing PRODUCT_ID
107847,106,2026/13/40,P_023,3,5,Zero QUANTITY
107848,108,9/13/2025,P_033,1,0,Zero QUANTITY
107860,106,2026/13/40,P_025,3,0,Zero QUANTITY
107868,,09-12-2025,P_021,2,0,Missing STORE_ID
107881,107,09-11-2025,P_008,4,150,Discount greater than 100%
107900,106,09-07-2025,P_023,2,150,Discount greater than 100%
107924,108,9/19/2025,P_031,5,150,Discount greater than 100%
107926,107,2026/13/40,P_011,3,5,Zero QUANTITY
107957,105,9/29/2025,P_003,1,-15,Zero QUANTITY
107975,108,9/13/2025,P_007,0,10,Zero QUANTITY
107980,104,9/30/2025,P_048,4,-10,Zero QUANTITY
107991,102,09-08-2025,P_046,0,0,Zero QUANTITY
108004,106,9/15/2025,P_025,-4,15,Zero QUANTITY
108005,107,9/23/2025,P_014,2,-10,Zero QUANTITY
108015,,9/21/2025,P_015,1,20,Missing STORE_ID
108020,107,9/13/2025,,5,0,Missing PRODUCT_ID
108073,103,9/29/2025,P_035,1,150,Discount greater than 100%
108078,104,09-04-2025,P_041,-3,15,Zero QUANTITY
108083,101,09-02-2025,P_018,0,10,Zero QUANTITY
108086,104,09-01-2025,P_020,0,0,Zero QUANTITY
108090,104,2026/13/40,P_023,4,0,Zero QUANTITY
108091,,09-05-2025,P_003,1,10,Missing STORE_ID
108093,106,9/26/2025,,2,5,Missing PRODUCT_ID
108102,107,9/14/2025,,3,5,Missing PRODUCT_ID
108116,101,9/26/2025,P_022,0,5,Zero QUANTITY
108117,103,09-07-2025,,1,5,Missing PRODUCT_ID
108125,102,10/19/2025,P_001,2,-10,Zero QUANTITY
108138,104,10/25/2025,,1,15,Missing PRODUCT_ID
108142,,10-05-2025,P_022,3,5,Missing STORE_ID
108159,106,10-12-2025,P_018,4,150,Discount greater than 100%
108167,104,10/14/2025,P_019,-1,0,Zero QUANTITY
108185,,10/18/2025,P_025,1,10,Missing STORE_ID
108210,,10/31/2025,P_041,3,0,Missing STORE_ID
108213,106,10-01-2025,P_003,3,0,Zero QUANTITY
108214,107,10-03-2025,,3,0,Missing PRODUCT_ID
108236,104,2026/13/40,P_033,1,0,Zero QUANTITY
108255,107,10-05-2025,P_039,1,150,Discount greater than 100%
108278,102,10/16/2025,P_044,0,10,Zero QUANTITY
108283,108,10/23/2025,,3,15,Missing PRODUCT_ID
108291,105,2026/13/40,P_037,1,10,Zero QUANTITY
108321,103,10/25/2025,,2,20,Missing PRODUCT_ID
108328,101,2026/13/40,P_028,5,5,Zero QUANTITY
108329,107,10-07-2025,P_039,2,150,Discount greater than 100%
108335,108,10/17/2025,P_050,-4,15,Zero QUANTITY
108352,102,10/17/2025,P_018,0,0,Zero QUANTITY
108357,108,10-01-2025,P_044,-1,0,Zero QUANTITY
108361,106,10-11-2025,P_024,-5,10,Zero QUANTITY
108365,105,10/18/2025,P_031,0,0,Zero QUANTITY
108371,105,10/23/2025,P_013,3,0,Zero QUANTITY
108371,108,10/23/2025,,1,10,Missing PRODUCT_ID
108417,103,2026/13/40,P_045,1,5,Zero QUANTITY
108431,105,10/13/2025,P_023,0,0,Zero QUANTITY
108441,,10/27/2025,P_027,2,15,Missing STORE_ID
108456,,10/22/2025,P_019,5,20,Missing STORE_ID
108457,104,10/24/2025,,3,0,Missing PRODUCT_ID
108496,104,11/27/2025,,2,5,Missing PRODUCT_ID
108501,102,11-02-2025,,1,15,Missing PRODUCT_ID
108502,104,11/14/2025,,1,15,Missing PRODUCT_ID
108506,101,11/17/2025,P_017,0,20,Zero QUANTITY
108514,103,11/27/2025,,5,10,Missing PRODUCT_ID
108517,105,11-04-2025,P_031,3,150,Discount greater than 100%
108528,106,11/25/2025,P_032,-4,5,Zero QUANTITY
108549,106,11/24/2025,,2,20,Missing PRODUCT_ID
108556,106,11-01-2025,P_045,0,20,Zero QUANTITY
108556,,11-01-2025,P_018,3,15,Missing STORE_ID
108586,108,11-11-2025,P_039,0,0,Zero QUANTITY
108588,,11/13/2025,P_004,5,5,Missing STORE_ID
108603,104,2026/13/40,P_042,1,20,Zero QUANTITY
108615,101,11-02-2025,,3,20,Missing PRODUCT_ID
108619,108,11-05-2025,P_029,4,150,Discount greater than 100%
108649,108,11-05-2025,P_007,0,0,Zero QUANTITY
108656,106,2026/13/40,P_044,1,0,Zero QUANTITY
108666,105,11/20/2025,P_045,1,-20,Zero QUANTITY
108667,104,11/13/2025,P_010,0,20,Zero QUANTITY
108675,106,2026/13/40,P_041,2,15,Zero QUANTITY
108684,106,11/28/2025,,2,15,Missing PRODUCT_ID
108740,103,11-01-2025,,1,20,Missing PRODUCT_ID
108772,,11/14/2025,P_035,4,10,Missing STORE_ID
108774,106,11-04-2025,,4,15,Missing PRODUCT_ID
108781,105,11-02-2025,,5,20,Missing PRODUCT_ID
108792,,11/26/2025,P_030,3,0,Missing STORE_ID
108802,106,11-12-2025,P_013,0,20,Zero QUANTITY
108803,,11-02-2025,P_001,2,20,Missing STORE_ID
108806,,11/24/2025,P_043,5,10,Missing STORE_ID
108812,106,11/26/2025,,3,20,Missing PRODUCT_ID
108813,,11-08-2025,P_026,5,15,Missing STORE_ID
108827,108,11-11-2025,P_042,0,15,Zero QUANTITY
108839,101,11-04-2025,,4,5,Missing PRODUCT_ID
108858,101,11/27/2025,P_031,-3,0,Zero QUANTITY
108887,107,2026/13/40,P_023,3,10,Zero QUANTITY
108890,106,12/14/2025,,3,5,Missing PRODUCT_ID
108904,106,12/14/2025,P_050,0,0,Zero QUANTITY
108927,105,12/25/2025,,3,15,Missing PRODUCT_ID
108934,105,12/14/2025,,5,5,Missing PRODUCT_ID
108949,104,12-04-2025,P_007,0,15,Zero QUANTITY
108967,,12/28/2025,P_029,1,5,Missing STORE_ID
108972,,12/21/2025,P_031,1,0,Missing STORE_ID
108987,107,12-05-2025,P_044,3,-15,Zero QUANTITY
108993,101,12-07-2025,,2,0,Missing PRODUCT_ID
109011,101,12/13/2025,P_048,3,-10,Zero QUANTITY
109032,106,12/30/2025,P_045,0,0,Zero QUANTITY
109039,108,12/13/2025,,1,5,Missing PRODUCT_ID
109044,106,12-08-2025,P_014,0,20,Zero QUANTITY
109068,105,12/14/2025,P_021,0,15,Zero QUANTITY
109070,104,2026/13/40,P_044,3,5,Zero QUANTITY
109072,108,12/17/2025,,3,0,Missing PRODUCT_ID
109074,107,12-10-2025,,4,10,Missing PRODUCT_ID
109084,,12/21/2025,P_010,3,0,Missing STORE_ID
109109,,12-07-2025,P_019,1,5,Missing STORE_ID
109120,108,12/31/2025,,4,20,Missing PRODUCT_ID
109126,108,2026/13/40,P_032,4,20,Zero QUANTITY
109177,107,2026/13/40,P_049,3,0,Zero QUANTITY
109181,102,12/26/2025,P_016,1,-20,Zero QUANTITY
109183,101,2026/13/40,P_047,2,5,Zero QUANTITY
109187,104,12-04-2025,P_010,0,10,Zero QUANTITY
109194,104,12-02-2025,P_031,3,150,Discount greater than 100%
109200,108,12/20/2025,P_045,-3,15,Zero QUANTITY
109213,101,12/25/2025,P_013,0,15,Zero QUANTITY
109223,,12-03-2025,P_024,1,15,Missing STORE_ID
109236,104,12-04-2025,P_040,0,0,Zero QUANTITY
109249,102,12/21/2025,P_036,5,0,Zero QUANTITY
109250,,12/23/2025,P_029,1,20,Missing STORE_ID
109258,108,12/26/2025,,5,15,Missing PRODUCT_ID
109285,106,12/28/2025,P_040,1,0,Zero QUANTITY
109291,,12-07-2025,P_018,1,5,Missing STORE_ID
109316,108,12/16/2025,,1,10,Missing PRODUCT_ID
109328,106,1/16/2026,P_028,0,15,Zero QUANTITY
109344,,1/20/2026,P_029,2,0,Missing STORE_ID
109355,105,01-02-2026,P_042,-1,15,Zero QUANTITY
109372,103,1/28/2026,,1,10,Missing PRODUCT_ID
109373,103,2026/13/40,P_047,3,20,Zero QUANTITY
109377,106,1/13/2026,,4,5,Missing PRODUCT_ID
109386,103,01-01-2026,P_044,4,150,Discount greater than 100%
109402,103,01-09-2026,P_050,-1,20,Zero QUANTITY
109423,102,2026/13/40,P_039,1,5,Zero QUANTITY
109423,104,1/16/2026,,1,0,Missing PRODUCT_ID
109424,106,1/21/2026,P_023,0,20,Zero QUANTITY
109426,102,01-03-2026,P_047,4,-5,Zero QUANTITY
109433,108,1/25/2026,P_025,0,5,Zero QUANTITY
109439,,1/15/2026,P_008,2,5,Missing STORE_ID
109463,106,2026/13/40,P_012,5,15,Zero QUANTITY
109469,108,1/13/2026,,5,10,Missing PRODUCT_ID
109492,101,1/17/2026,,5,15,Missing PRODUCT_ID
109506,104,1/23/2026,P_012,-3,15,Zero QUANTITY
109530,107,01-09-2026,P_025,4,150,Discount greater than 100%
109560,105,1/16/2026,,4,0,Missing PRODUCT_ID
109569,103,1/31/2026,,4,10,Missing PRODUCT_ID
109572,107,01-02-2026,P_016,0,10,Zero QUANTITY
109583,106,01-04-2026,P_009,5,-5,Zero QUANTITY
109614,108,1/14/2026,P_005,-4,15,Zero QUANTITY
109623,101,2026/13/40,P_007,4,20,Zero QUANTITY
109644,101,1/29/2026,,3,20,Missing PRODUCT_ID
109651,108,1/26/2026,P_031,0,10,Zero QUANTITY
109654,101,1/14/2026,P_020,-1,20,Zero QUANTITY
109655,102,1/13/2026,P_018,5,150,Discount greater than 100%
109672,101,2026/13/40,P_005,3,5,Zero QUANTITY
109676,102,01-11-2026,,5,20,Missing PRODUCT_ID
109681,101,02-06-2026,,1,5,Missing PRODUCT_ID
109696,105,2/26/2026,P_012,0,5,Zero QUANTITY
109698,103,2026/13/40,P_016,5,5,Zero QUANTITY
109706,103,2/17/2026,,1,0,Missing PRODUCT_ID
109709,108,02-10-2026,,4,5,Missing PRODUCT_ID
109721,106,2/15/2026,,3,20,Missing PRODUCT_ID
109725,101,2026/13/40,P_004,4,0,Zero QUANTITY
109726,101,2/27/2026,,5,0,Missing PRODUCT_ID
109740,108,2/22/2026,,2,15,Missing PRODUCT_ID
109746,107,2026/13/40,P_039,5,20,Zero QUANTITY
109750,104,2026/13/40,P_027,5,5,Zero QUANTITY
109760,104,02-05-2026,P_006,0,5,Zero QUANTITY
109762,107,2/19/2026,P_010,1,-5,Zero QUANTITY
109796,107,2/15/2026,P_013,-2,10,Zero QUANTITY
109799,102,02-06-2026,P_046,5,-5,Zero QUANTITY
109803,,2/22/2026,P_001,2,0,Missing STORE_ID
109804,102,2/14/2026,P_039,-2,15,Zero QUANTITY
109809,107,2026/13/40,P_013,2,20,Zero QUANTITY
109811,107,02-04-2026,,1,5,Missing PRODUCT_ID
109819,103,2/15/2026,,3,5,Missing PRODUCT_ID
109822,101,2026/13/40,P_029,4,0,Zero QUANTITY
109865,107,02-10-2026,P_010,4,-15,Zero QUANTITY
109898,102,2/18/2026,P_035,3,-10,Zero QUANTITY
109905,103,02-09-2026,,1,5,Missing PRODUCT_ID
109925,103,2/27/2026,,3,5,Missing PRODUCT_ID
109929,105,02-07-2026,P_002,0,15,Zero QUANTITY
109930,105,2/26/2026,,1,10,Missing PRODUCT_ID
109934,108,02-05-2026,,4,10,Missing PRODUCT_ID
109939,106,02-09-2026,,4,15,Missing PRODUCT_ID
109941,101,02-06-2026,P_003,0,15,Zero QUANTITY
109941,106,02-06-2026,,1,20,Missing PRODUCT_ID
109947,106,02-05-2026,P_029,3,150,Discount greater than 100%
109966,103,2/14/2026,P_008,-1,0,Zero QUANTITY
109970,104,2026/13/40,P_013,5,0,Zero QUANTITY
109972,102,2/16/2026,,4,10,Missing PRODUCT_ID
109979,105,2026/13/40,P_029,4,0,Zero QUANTITY
109979,106,02-05-2026,,3,20,Missing PRODUCT_ID
110000,105,02-09-2026,,4,5,Missing PRODUCT_ID
110051,103,2026/13/40,P_011,4,5,Zero QUANTITY
110058,,2/23/2026,P_046,4,20,Missing STORE_ID
110078,,2/23/2026,P_039,4,0,Missing STORE_ID
110115,105,02-11-2026,P_048,5,150,Zero QUANTITY
110125,107,02-06-2026,,2,10,Missing PRODUCT_ID
110127,108,2/16/2026,,3,15,Missing PRODUCT_ID
110128,106,02-04-2026,,4,5,Missing PRODUCT_ID
110166,,02-07-2026,P_040,3,10,Missing STORE_ID
110172,102,03-01-2026,P_049,5,-15,Zero QUANTITY
110178,106,3/30/2026,P_029,0,0,Zero QUANTITY
110195,103,3/30/2026,P_024,0,20,Zero QUANTITY
110202,108,3/22/2026,,5,20,Missing PRODUCT_ID
110209,104,03-04-2026,P_027,4,150,Discount greater than 100%
110233,103,03-12-2026,P_008,0,5,Zero QUANTITY
110259,108,03-09-2026,P_050,-2,5,Zero QUANTITY
110263,107,3/21/2026,P_012,2,150,Discount greater than 100%
110271,108,3/20/2026,P_036,4,150,Discount greater than 100%
110272,101,03-08-2026,,2,15,Missing PRODUCT_ID
110279,105,3/23/2026,P_016,0,10,Zero QUANTITY
110280,105,2026/13/40,P_020,4,20,Zero QUANTITY
110310,105,3/13/2026,,2,10,Missing PRODUCT_ID
110327,108,2026/13/40,P_032,4,5,Zero QUANTITY
110338,103,03-09-2026,P_008,5,150,Discount greater than 100%
110338,108,03-09-2026,,3,0,Missing PRODUCT_ID
110345,107,03-09-2026,,1,0,Missing PRODUCT_ID
110367,107,2026/13/40,P_032,2,15,Zero QUANTITY
110380,102,3/30/2026,P_009,-1,15,Zero QUANTITY
110394,104,03-07-2026,P_049,4,150,Zero QUANTITY
110400,103,3/30/2026,,5,20,Missing PRODUCT_ID
110436,108,03-04-2026,,2,10,Missing PRODUCT_ID
110453,105,3/28/2026,P_024,0,5,Zero QUANTITY
110461,103,03-10-2026,P_005,5,150,Discount greater than 100%
110481,103,03-08-2026,P_011,4,-15,Zero QUANTITY
110490,103,2026/13/40,P_027,2,15,Zero QUANTITY
110490,106,3/23/2026,,1,5,Missing PRODUCT_ID
110505,108,03-08-2026,,5,5,Missing PRODUCT_ID
110539,107,03-03-2026,P_040,1,-10,Zero QUANTITY
110564,108,3/28/2026,P_010,5,150,Discount greater than 100%
110567,105,3/25/2026,P_028,4,150,Discount greater than 100%
110602,106,3/27/2026,P_007,0,15,Zero QUANTITY
110603,102,03-10-2026,,1,0,Missing PRODUCT_ID
